{
	"class_name" : "PinholeCameraParameters",
	"extrinsic" : 
	[
		0.9995418817388394,
		0.028707288556360715,
		0.0095873997372594253,
		0.0,
		-0.027757397391835168,
		0.99575956889866546,
		-0.087706372840152771,
		0.0,
		-0.012064557182586644,
		0.08740007168467305,
		0.99610023287292848,
		0.0,
		-0.0091825427149745155,
		0.25209602305245116,
		3.02740534175335,
		1.0
	],
	"intrinsic" : 
	{
		"height" : 1055,
		"intrinsic_matrix" : 
		[
			913.65680099258282,
			0.0,
			0.0,
			0.0,
			913.65680099258282,
			0.0,
			959.5,
			527.0,
			1.0
		],
		"width" : 1920
	},
	"version_major" : 1,
	"version_minor" : 0
}